Title,Category,Vacancies,LastDate,District,ApplyLink,Details
APPSC Group 2 Services Notification,AP Govt,897,2025-08-15,Andhra Pradesh,https://www.freejobalert.com/appsc-group-2/21568/,వయస్సు: 18-42 ఏళ్లు ఉండాలి. డిగ్రీ అర్హత.
Telangana Police Recruitment 2025,TS Govt,1200,2025-07-30,Telangana,https://www.freejobalert.com/ts-police-recruitment/36154/,పోలీస్ కానిస్టేబుల్ మరియు ఎస్ఐ పోస్టులు.
RRB NTPC Latest Update,Railways,35000,2025-09-10,India,https://www.freejobalert.com/rrb-ntpc/18974/,రైల్వే శాఖలో భారీ నోటిఫికేషన్.
IBPS PO Recruitment 2025,Banking,4500,2025-08-25,India,https://www.freejobalert.com/ibps-po/16541/,బ్యాంకింగ్ రంగంలో ఉద్యోగ అవకాశాలు.
SSC CGL Tier 1 Results & Updates,SSC,15000,2025-08-12,India,https://www.freejobalert.com/ssc-cgl/14523/,సెంట్రల్ గవర్నమెంట్ ఉద్యోగ సమాచారం.
Medical Officer Jobs AP,Healthcare,150,2025-08-20,Andhra Pradesh,https://www.freejobalert.com/ap-medical-officer/22567/,MBBS పూర్తి చేసిన వారికి అవకాశం.
Telangana Teacher Recruitment,TS Govt,5000,2025-08-05,Telangana,https://www.freejobalert.com/ts-dsc/45123/,ఉపాధ్యాయ ఖాళీల భర్తీ వివరాలు.
Forest Guard Recruitment,Forestry,200,2025-08-30,All Districts,https://www.freejobalert.com/forest-guard/11234/,శారీరక దారుఢ్య పరీక్షలు ఉంటాయి.
AP Sachivalayam Vacancies,AP Govt,1000,2025-07-28,Andhra Pradesh,https://www.freejobalert.com/ap-grama-sachivalayam/33456/,గ్రామ సచివాలయాల్లో ఖాళీగా ఉన్న పోస్టులు.
SBI Clerk Notification 2025,Banking,8000,2025-09-01,India,https://www.freejobalert.com/sbi-clerk/17890/,స్టేట్ బ్యాంక్ లో క్లర్క్ ఉద్యోగాలు.
